Taille_du_projet,Complexite,Nombre_de_ressources_humaines,Nombre_de_ressources_materielles,Duree_du_projet,Risques_potentiels,Cout_du_projet
685,Élevée,19,7,22,Faible,136827
560,Faible,37,5,10,Faible,60611
630,Faible,6,19,23,Faible,79070
193,Moyenne,6,14,21,Modéré,125100
836,Moyenne,41,6,6,Modéré,188704
764,Élevée,30,3,3,Élevé,119941
708,Moyenne,17,8,23,Modéré,157549
360,Faible,13,10,3,Faible,127778
10,Élevée,17,15,15,Modéré,79533
724,Moyenne,29,14,7,Faible,158666
278,Faible,24,15,21,Faible,189395
755,Moyenne,8,18,5,Faible,65338
805,Élevée,15,15,21,Faible,176375
600,Moyenne,12,15,21,Faible,140208
71,Élevée,33,18,17,Faible,117854
473,Élevée,19,10,10,Faible,110895
601,Moyenne,13,18,14,Modéré,167602
397,Élevée,40,4,13,Modéré,123534
315,Élevée,40,8,9,Élevé,57525
706,Élevée,22,3,12,Élevé,102109
487,Élevée,28,16,3,Élevé,175265
552,Moyenne,17,11,5,Faible,77965
88,Élevée,12,19,20,Modéré,84290
175,Élevée,44,16,13,Modéré,138651
601,Élevée,35,11,23,Modéré,130003
850,Élevée,24,9,9,Élevé,138177
678,Faible,47,8,6,Faible,117272
538,Moyenne,6,6,11,Modéré,142876
846,Moyenne,48,11,15,Élevé,146215
73,Faible,23,15,10,Élevé,107809
778,Moyenne,19,16,3,Modéré,100400
917,Faible,30,19,14,Modéré,177153
116,Moyenne,42,13,5,Modéré,87387
977,Moyenne,13,11,4,Modéré,140434
756,Élevée,39,19,19,Modéré,90688
710,Faible,31,13,14,Élevé,171028
848,Faible,16,18,8,Modéré,176249
432,Moyenne,49,9,17,Élevé,72314
449,Faible,16,7,14,Élevé,145119
851,Élevée,45,18,13,Modéré,85003
100,Moyenne,41,3,22,Modéré,57505
985,Moyenne,17,6,7,Élevé,122551
178,Élevée,22,18,23,Modéré,156701
756,Faible,36,18,10,Élevé,135859
798,Faible,15,4,4,Modéré,81612
660,Moyenne,15,11,8,Faible,107201
148,Moyenne,16,12,20,Modéré,66025
911,Élevée,34,11,19,Modéré,87171
424,Faible,39,10,19,Faible,109292
289,Faible,15,18,3,Faible,81455
962,Faible,17,12,21,Modéré,50919
266,Élevée,44,6,6,Modéré,168026
698,Élevée,15,17,4,Faible,184989
640,Moyenne,7,5,9,Élevé,63837
545,Moyenne,16,14,23,Faible,154403
544,Moyenne,46,6,3,Modéré,197265
715,Moyenne,32,17,11,Faible,77651
245,Faible,8,3,9,Faible,73560
152,Faible,21,5,14,Modéré,199491
676,Faible,5,13,7,Faible,134861
511,Faible,18,8,8,Élevé,198895
460,Élevée,43,7,10,Faible,157383
883,Élevée,9,13,22,Faible,110715
184,Faible,8,6,13,Faible,97071
29,Moyenne,24,10,8,Faible,140773
803,Faible,22,6,8,Élevé,66653
129,Moyenne,21,4,7,Modéré,166013
129,Élevée,12,8,13,Modéré,116076
933,Élevée,29,6,15,Modéré,145570
54,Moyenne,16,17,19,Modéré,66285
902,Faible,27,5,8,Modéré,141453
551,Faible,32,17,16,Modéré,103658
489,Moyenne,7,13,14,Modéré,148610
757,Faible,13,7,13,Élevé,141663
274,Faible,13,7,10,Faible,74494
336,Élevée,30,9,3,Faible,196241
389,Moyenne,43,12,19,Modéré,75709
618,Faible,38,12,23,Modéré,170338
43,Élevée,29,6,17,Faible,196421
443,Faible,26,10,3,Faible,177515
544,Faible,9,15,17,Faible,188699
889,Moyenne,36,7,6,Élevé,64336
258,Faible,16,16,18,Modéré,124262
322,Élevée,42,15,11,Modéré,144021
938,Faible,12,3,6,Modéré,129767
58,Moyenne,27,13,7,Élevé,147094
292,Faible,47,17,23,Faible,78502
871,Faible,36,3,17,Modéré,86673
120,Moyenne,14,3,7,Faible,113671
780,Faible,23,3,20,Modéré,73450
431,Faible,28,14,22,Faible,160873
83,Moyenne,24,8,6,Élevé,142136
92,Faible,30,8,21,Modéré,188763
897,Élevée,10,13,4,Modéré,72907
399,Faible,30,19,15,Faible,69217
612,Faible,29,14,23,Modéré,142086
566,Moyenne,49,12,10,Élevé,192592
909,Moyenne,31,12,15,Faible,72283
634,Moyenne,48,15,18,Modéré,156020
939,Moyenne,37,3,3,Faible,60979
85,Faible,35,10,4,Faible,141341
204,Élevée,19,16,16,Modéré,110156
325,Élevée,12,19,4,Faible,185432
775,Élevée,37,14,6,Faible,165007
965,Moyenne,6,18,10,Faible,105270
48,Faible,48,15,7,Élevé,146886
640,Faible,31,8,9,Élevé,98878
132,Faible,20,5,5,Élevé,122919
973,Élevée,9,15,16,Modéré,113843
869,Élevée,15,14,9,Faible,76747
181,Moyenne,26,18,18,Modéré,141422
847,Élevée,44,7,19,Modéré,149331
144,Élevée,47,15,19,Élevé,84826
661,Élevée,48,15,21,Élevé,154736
228,Élevée,35,19,12,Faible,75749
955,Faible,27,5,3,Modéré,75953
792,Élevée,5,8,18,Modéré,119857
720,Élevée,22,5,19,Faible,143363
910,Élevée,17,18,13,Élevé,69660
374,Élevée,32,9,7,Élevé,157060
854,Élevée,48,7,10,Élevé,60073
561,Élevée,27,12,20,Élevé,183610
306,Moyenne,36,18,11,Faible,109870
582,Moyenne,39,3,9,Faible,199852
170,Faible,39,13,16,Faible,106081
676,Moyenne,47,19,8,Faible,59102
449,Faible,9,5,20,Faible,64139
96,Moyenne,41,17,8,Élevé,197260
198,Moyenne,24,8,7,Élevé,126385
607,Moyenne,49,8,5,Modéré,70246
257,Faible,22,5,20,Élevé,102468
882,Faible,11,6,4,Modéré,73896
691,Moyenne,11,14,10,Élevé,91866
293,Moyenne,14,16,16,Élevé,171888
931,Faible,33,6,8,Faible,197341
817,Faible,18,8,7,Élevé,79873
862,Moyenne,14,4,20,Modéré,55870
388,Moyenne,26,11,18,Faible,173220
611,Moyenne,7,10,10,Faible,62843
555,Moyenne,14,10,11,Élevé,79915
974,Faible,41,4,21,Faible,129305
369,Élevée,33,12,23,Modéré,62129
918,Faible,5,18,10,Modéré,88313
202,Faible,15,16,5,Modéré,81727
384,Élevée,18,3,11,Modéré,70913
513,Élevée,48,7,21,Faible,63649
907,Faible,7,3,20,Modéré,79534
371,Faible,42,14,11,Modéré,177162
556,Élevée,12,6,10,Modéré,179309
955,Élevée,28,7,4,Élevé,177221
384,Élevée,35,18,6,Élevé,165920
24,Faible,22,13,18,Faible,104920
700,Moyenne,8,19,20,Modéré,82375
131,Élevée,39,9,22,Faible,199796
378,Moyenne,21,5,4,Élevé,114349
99,Moyenne,23,4,13,Élevé,133643
575,Faible,47,3,21,Faible,189499
932,Faible,23,4,10,Élevé,70588
735,Moyenne,33,9,14,Modéré,141407
124,Faible,40,7,8,Élevé,109405
964,Élevée,31,7,11,Modéré,105038
595,Élevée,44,18,8,Élevé,63541
943,Moyenne,47,9,22,Élevé,141856
740,Moyenne,10,13,5,Faible,83070
149,Élevée,33,19,7,Élevé,87466
210,Élevée,48,5,4,Faible,111779
563,Moyenne,24,17,3,Modéré,115273
412,Élevée,15,17,16,Faible,126505
783,Faible,15,17,18,Élevé,173244
42,Faible,14,3,7,Modéré,60148
59,Moyenne,32,10,3,Faible,196328
706,Faible,40,4,7,Faible,158172
37,Moyenne,16,7,21,Faible,80516
779,Faible,37,11,23,Faible,145800
87,Faible,43,18,7,Élevé,82498
44,Moyenne,36,3,8,Modéré,74645
873,Élevée,27,6,17,Faible,67580
12,Moyenne,32,18,18,Faible,161957
771,Moyenne,26,13,22,Faible,142922
308,Élevée,38,4,15,Élevé,177896
81,Faible,49,6,10,Élevé,75068
33,Moyenne,46,6,3,Faible,154570
183,Moyenne,48,5,23,Faible,99566
129,Moyenne,40,7,23,Modéré,107632
807,Faible,46,13,8,Modéré,168645
276,Faible,28,17,13,Élevé,139940
175,Élevée,45,12,14,Faible,55457
555,Moyenne,28,8,9,Élevé,81870
372,Élevée,13,8,4,Faible,123035
185,Élevée,46,6,23,Modéré,121545
445,Moyenne,20,19,16,Modéré,159219
489,Moyenne,41,10,18,Élevé,160891
590,Élevée,6,13,18,Élevé,125873
287,Faible,35,15,14,Élevé,190233
281,Élevée,42,7,6,Modéré,60395
638,Faible,47,19,12,Faible,131879
771,Faible,5,15,7,Faible,54031
516,Élevée,24,18,20,Élevé,153401
95,Moyenne,11,13,23,Faible,55683
227,Élevée,34,14,8,Faible,82315
876,Élevée,8,17,17,Élevé,58417
270,Faible,36,13,22,Modéré,193597
881,Élevée,34,14,11,Élevé,115096
297,Moyenne,21,9,6,Élevé,195131
329,Élevée,8,10,8,Élevé,141630
20,Élevée,31,3,6,Faible,87281
608,Faible,11,5,23,Élevé,164351
841,Moyenne,46,3,9,Élevé,140078
411,Moyenne,42,3,4,Modéré,125118
451,Faible,16,10,12,Modéré,137255
249,Moyenne,22,3,15,Élevé,184975
181,Moyenne,48,5,8,Modéré,178386
324,Élevée,8,9,5,Élevé,83434
830,Faible,25,15,17,Modéré,57396
783,Moyenne,32,3,22,Élevé,118078
865,Faible,33,11,8,Modéré,93393
261,Élevée,19,6,6,Faible,181907
964,Moyenne,19,16,18,Modéré,194209
750,Faible,21,6,4,Modéré,122961
140,Moyenne,40,9,13,Élevé,90482
599,Faible,43,9,10,Modéré,132913
462,Élevée,48,9,11,Modéré,188159
890,Élevée,32,5,20,Faible,164608
622,Moyenne,43,18,10,Élevé,68442
844,Moyenne,28,17,22,Faible,198729
697,Faible,25,19,10,Élevé,117882
529,Moyenne,28,14,12,Élevé,123926
153,Élevée,39,4,23,Élevé,171961
926,Élevée,37,13,4,Modéré,166390
150,Élevée,6,8,20,Élevé,167253
111,Moyenne,27,18,13,Faible,52718
26,Faible,26,16,15,Modéré,140120
465,Élevée,9,7,18,Élevé,186383
957,Élevée,45,3,5,Élevé,58567
890,Moyenne,44,16,3,Modéré,84390
887,Moyenne,29,15,8,Faible,109758
118,Moyenne,27,9,22,Faible,101700
446,Moyenne,22,6,3,Modéré,70318
596,Faible,31,3,20,Modéré,178605
674,Moyenne,13,6,17,Modéré,199514
873,Faible,10,16,23,Modéré,71148
929,Faible,38,14,7,Modéré,60119
229,Élevée,27,7,7,Élevé,129195
508,Élevée,23,18,15,Faible,89283
764,Moyenne,15,13,15,Modéré,80156
122,Élevée,34,9,7,Élevé,103427
327,Faible,16,9,18,Modéré,105539
470,Moyenne,35,19,8,Faible,168366
288,Moyenne,12,7,16,Faible,162414
526,Moyenne,35,6,23,Faible,185294
840,Moyenne,47,10,23,Faible,153262
697,Élevée,26,3,10,Élevé,67544
153,Moyenne,12,3,17,Faible,84445
592,Faible,30,11,23,Modéré,195666
42,Moyenne,49,6,8,Faible,50810
275,Élevée,24,9,10,Élevé,61315
553,Faible,30,8,7,Faible,174996
439,Élevée,47,10,18,Modéré,71286
208,Élevée,8,16,12,Élevé,91397
780,Élevée,25,6,8,Élevé,67774
167,Élevée,24,11,4,Modéré,133570
112,Moyenne,42,18,23,Faible,91048
350,Élevée,38,14,3,Faible,163260
130,Moyenne,49,6,4,Faible,86565
736,Moyenne,30,15,22,Faible,162812
887,Élevée,12,14,12,Faible,88542
813,Faible,42,13,5,Faible,157881
217,Élevée,25,14,19,Faible,166817
382,Élevée,39,18,21,Élevé,80415
25,Moyenne,21,9,13,Faible,160233
68,Moyenne,45,6,19,Faible,111604
979,Moyenne,44,6,20,Faible,88284
772,Moyenne,38,4,11,Modéré,171309
235,Élevée,38,13,20,Faible,127267
717,Faible,6,4,20,Élevé,107171
999,Faible,14,13,8,Faible,170351
292,Faible,28,12,12,Élevé,77881
727,Faible,9,16,9,Modéré,67477
702,Moyenne,29,5,15,Modéré,102706
710,Élevée,11,10,9,Élevé,50430
728,Moyenne,38,11,18,Élevé,125292
556,Moyenne,29,8,4,Modéré,71597
33,Élevée,15,17,17,Élevé,130883
12,Élevée,34,9,8,Faible,180103
617,Élevée,33,3,12,Modéré,56985
213,Moyenne,29,11,8,Modéré,81731
139,Faible,8,18,9,Élevé,134273
695,Moyenne,23,8,14,Faible,71523
422,Moyenne,26,6,19,Faible,86054
638,Élevée,11,17,22,Modéré,126318
669,Moyenne,25,11,21,Élevé,186124
624,Faible,26,12,19,Faible,193117
489,Faible,32,7,12,Faible,129647
771,Moyenne,31,10,13,Élevé,86092
540,Élevée,30,4,12,Élevé,164561
980,Moyenne,5,16,12,Modéré,158559
218,Faible,8,8,10,Faible,80368
664,Faible,42,11,13,Modéré,164419
822,Moyenne,12,12,14,Modéré,52243
308,Faible,21,10,10,Élevé,118678
175,Moyenne,16,6,3,Faible,81951
149,Faible,16,18,3,Élevé,104107
950,Élevée,49,8,5,Élevé,98026
542,Faible,7,12,18,Modéré,100714
580,Moyenne,10,14,11,Faible,139833
548,Moyenne,22,6,18,Élevé,123392
808,Élevée,19,6,22,Modéré,184461
394,Faible,10,17,17,Faible,70156
74,Moyenne,19,12,5,Élevé,127711
298,Faible,22,18,6,Faible,54187
920,Élevée,46,18,4,Modéré,50113
900,Moyenne,49,12,13,Modéré,103646
815,Élevée,35,10,7,Élevé,102036
731,Moyenne,39,10,3,Modéré,141616
947,Faible,8,8,21,Modéré,127673
877,Moyenne,5,14,9,Modéré,55546
772,Élevée,34,15,15,Faible,198276
800,Moyenne,49,17,18,Élevé,157698
778,Élevée,49,17,19,Élevé,74696
395,Moyenne,49,5,21,Modéré,186114
540,Élevée,5,4,16,Modéré,72385
430,Faible,22,13,4,Faible,179765
200,Moyenne,34,8,6,Élevé,114478
424,Faible,32,17,9,Faible,63494
62,Moyenne,39,3,10,Élevé,92835
342,Moyenne,41,10,23,Élevé,167592
866,Faible,26,18,19,Faible,152999
45,Élevée,35,18,5,Faible,179965
803,Faible,42,4,13,Modéré,84773
931,Faible,22,3,22,Élevé,124806
89,Moyenne,43,11,5,Modéré,129494
34,Élevée,20,16,3,Élevé,148999
646,Élevée,6,17,9,Modéré,61999
233,Faible,20,3,16,Modéré,174398
768,Faible,46,8,9,Élevé,138481
37,Élevée,27,8,18,Modéré,156384
769,Faible,22,16,8,Faible,68064
460,Moyenne,49,6,16,Faible,199136
291,Moyenne,27,16,12,Modéré,195638
198,Faible,18,6,22,Élevé,147767
895,Moyenne,7,11,16,Élevé,59820
950,Élevée,16,6,16,Élevé,189799
255,Faible,14,12,5,Modéré,65518
81,Moyenne,45,14,12,Faible,103870
447,Faible,9,6,4,Modéré,67190
137,Élevée,15,14,16,Faible,95794
190,Moyenne,11,14,23,Modéré,96568
130,Élevée,49,13,3,Modéré,165114
210,Faible,13,13,17,Élevé,166198
369,Faible,13,7,7,Faible,198174
292,Moyenne,13,15,10,Modéré,123980
377,Élevée,49,5,19,Faible,196807
348,Faible,42,8,12,Modéré,94201
169,Élevée,23,18,15,Faible,54332
885,Élevée,7,15,20,Modéré,132819
805,Moyenne,10,18,7,Faible,61760
177,Élevée,34,12,19,Élevé,53189
538,Faible,42,11,19,Faible,69671
324,Faible,41,6,19,Modéré,150349
872,Moyenne,47,17,6,Faible,109413
509,Élevée,34,19,11,Modéré,114572
804,Faible,32,9,5,Élevé,81254
115,Faible,22,4,3,Élevé,152424
799,Moyenne,16,18,9,Modéré,72336
30,Élevée,13,14,20,Faible,65337
754,Élevée,29,10,7,Modéré,91102
290,Élevée,8,11,7,Faible,139169
147,Faible,16,6,5,Faible,103609
274,Faible,20,14,14,Élevé,79251
222,Moyenne,8,10,13,Modéré,132160
341,Faible,41,12,5,Faible,76835
510,Moyenne,44,16,14,Faible,93090
515,Moyenne,26,9,15,Faible,54785
70,Élevée,34,10,23,Modéré,190935
358,Moyenne,8,11,12,Modéré,116172
909,Élevée,16,8,6,Faible,158690
557,Élevée,20,9,22,Faible,137791
886,Faible,31,6,9,Faible,92147
766,Faible,20,10,13,Élevé,100152
323,Moyenne,38,14,19,Élevé,63983
624,Moyenne,16,14,11,Faible,188433
92,Moyenne,10,4,8,Faible,81450
342,Moyenne,35,19,18,Élevé,94281
424,Faible,9,17,8,Faible,56552
552,Moyenne,37,13,21,Modéré,174198
972,Élevée,42,13,3,Modéré,124936
663,Faible,48,19,7,Élevé,130459
415,Élevée,34,18,3,Faible,164467
658,Moyenne,32,4,8,Modéré,131455
711,Faible,44,13,21,Faible,129281
968,Élevée,32,3,16,Élevé,81473
275,Faible,34,18,22,Faible,85101
861,Élevée,13,19,5,Faible,87860
44,Faible,16,11,18,Faible,145026
84,Élevée,38,12,11,Modéré,120186
434,Élevée,19,14,12,Modéré,177673
810,Élevée,43,3,3,Élevé,157625
94,Faible,16,10,9,Faible,192791
175,Élevée,15,5,3,Faible,185607
406,Élevée,30,9,12,Élevé,122916
202,Moyenne,37,6,20,Modéré,50710
858,Élevée,45,16,6,Modéré,186760
499,Moyenne,11,14,8,Modéré,52303
481,Faible,35,14,20,Faible,127885
988,Élevée,27,8,21,Modéré,85013
330,Faible,16,19,16,Élevé,53756
541,Moyenne,40,19,14,Modéré,158854
210,Moyenne,25,16,3,Faible,91968
618,Faible,9,11,9,Faible,158448
955,Élevée,9,9,15,Faible,188862
897,Faible,34,15,12,Faible,111132
983,Moyenne,32,13,20,Modéré,104681
576,Moyenne,24,7,15,Modéré,54776
17,Élevée,45,11,21,Élevé,151788
107,Moyenne,31,12,9,Faible,173380
165,Élevée,31,18,18,Modéré,121964
607,Élevée,14,3,10,Modéré,123739
537,Élevée,36,10,3,Faible,69037
629,Moyenne,35,8,8,Modéré,113041
192,Faible,22,9,7,Modéré,77752
196,Faible,12,18,10,Faible,55504
308,Moyenne,40,15,16,Élevé,62396
137,Faible,14,3,14,Élevé,140874
953,Faible,33,10,7,Élevé,142344
860,Moyenne,12,4,9,Élevé,77644
94,Faible,8,15,9,Élevé,120507
892,Moyenne,12,19,11,Modéré,70148
751,Élevée,13,10,9,Modéré,89184
88,Élevée,42,11,19,Modéré,128413
161,Faible,10,11,5,Élevé,119145
148,Moyenne,38,19,19,Modéré,151353
585,Élevée,33,17,3,Élevé,162956
456,Moyenne,43,17,7,Modéré,164067
88,Moyenne,13,10,3,Modéré,73014
14,Moyenne,6,7,20,Faible,59793
315,Faible,7,19,19,Modéré,72974
594,Élevée,21,9,11,Élevé,76792
121,Faible,7,13,21,Faible,97247
885,Moyenne,16,9,19,Faible,103523
952,Élevée,36,7,13,Modéré,139756
833,Faible,15,19,3,Élevé,169832
716,Élevée,25,5,11,Faible,178404
733,Faible,41,18,8,Modéré,60942
933,Moyenne,19,18,9,Modéré,134942
282,Élevée,12,17,13,Faible,176095
801,Moyenne,34,18,16,Élevé,68052
427,Moyenne,10,10,23,Modéré,137403
783,Élevée,19,18,23,Modéré,100788
471,Élevée,20,17,16,Modéré,75696
285,Faible,37,13,5,Élevé,95927
277,Faible,28,7,7,Élevé,116026
979,Moyenne,32,12,19,Modéré,101797
325,Faible,11,11,17,Modéré,138691
535,Élevée,14,14,4,Élevé,132610
228,Élevée,6,6,10,Modéré,118631
891,Élevée,16,15,14,Modéré,184208
596,Moyenne,28,5,16,Élevé,144478
648,Faible,11,5,7,Faible,185643
969,Faible,45,16,4,Faible,160068
574,Faible,41,18,15,Modéré,88093
654,Faible,17,4,19,Élevé,65714
518,Faible,40,7,8,Modéré,194770
257,Faible,10,7,4,Modéré,158897
137,Faible,17,14,11,Modéré,116766
208,Moyenne,23,15,4,Faible,57195
464,Faible,5,5,3,Faible,159667
950,Faible,6,12,3,Modéré,132671
140,Faible,25,7,5,Élevé,64393
5,Moyenne,18,14,13,Faible,158023
424,Faible,31,12,19,Élevé,138249
349,Moyenne,48,9,5,Élevé,91226
942,Moyenne,26,18,10,Élevé,76632
283,Moyenne,19,15,8,Modéré,192094
587,Élevée,18,9,16,Faible,158509
821,Faible,45,19,23,Élevé,157103
434,Élevée,8,14,3,Modéré,87289
220,Faible,46,3,10,Modéré,155207
820,Moyenne,22,9,4,Modéré,154701
740,Moyenne,10,9,6,Élevé,198269
874,Faible,31,5,5,Élevé,68783
787,Faible,32,15,5,Modéré,87530
374,Moyenne,48,3,20,Faible,53829
291,Faible,46,12,8,Modéré,65461
564,Faible,18,13,6,Élevé,159311
671,Élevée,22,7,9,Faible,66973
438,Moyenne,27,7,22,Faible,118885
827,Élevée,36,8,15,Faible,150591
940,Moyenne,30,17,13,Modéré,58608
824,Élevée,33,13,17,Faible,111564
509,Faible,18,5,15,Faible,101112
787,Faible,12,6,12,Élevé,78865
942,Moyenne,31,11,8,Modéré,114886
856,Moyenne,22,7,10,Faible,134327
450,Moyenne,9,10,22,Faible,88462
327,Élevée,48,13,13,Élevé,131130
491,Moyenne,35,6,22,Élevé,113295
54,Faible,33,18,17,Faible,67210
817,Moyenne,13,17,23,Faible,106749
95,Faible,32,16,19,Faible,162204
60,Élevée,11,6,4,Faible,86054
337,Faible,12,6,22,Modéré,169551
667,Faible,31,9,17,Faible,111140
637,Élevée,16,5,12,Modéré,84570
164,Faible,42,8,15,Modéré,184170
571,Élevée,34,6,6,Faible,100398
946,Élevée,25,6,6,Faible,130453
107,Élevée,34,10,11,Élevé,139371
202,Faible,33,5,22,Modéré,133136
301,Élevée,28,19,11,Modéré,64082
782,Moyenne,14,10,16,Faible,117017
890,Faible,5,13,16,Faible,127607
839,Faible,43,16,15,Faible,59623
551,Moyenne,24,19,23,Faible,125755
680,Moyenne,12,8,17,Élevé,199940
649,Moyenne,43,11,19,Faible,66418
14,Moyenne,8,14,16,Élevé,167531
904,Élevée,35,4,9,Faible,103915
721,Faible,42,9,14,Faible,56336
535,Faible,46,8,11,Modéré,59464
505,Moyenne,10,11,9,Faible,108184
848,Élevée,21,13,22,Modéré,167896
986,Élevée,31,10,17,Modéré,65117
777,Moyenne,36,7,17,Faible,153956
740,Moyenne,11,18,11,Élevé,197056
775,Moyenne,30,5,14,Modéré,119013
210,Moyenne,16,12,5,Faible,56054
456,Élevée,22,3,18,Élevé,185832
469,Faible,36,7,5,Modéré,114349
474,Élevée,36,3,8,Modéré,145647
963,Faible,25,16,13,Modéré,186853
573,Faible,31,8,9,Modéré,195116
401,Faible,44,4,8,Élevé,168492
57,Élevée,15,5,8,Élevé,121606
883,Moyenne,43,4,17,Faible,169434
750,Moyenne,9,16,5,Modéré,68480
664,Élevée,44,5,14,Modéré,147779
281,Élevée,20,17,19,Modéré,58324
5,Faible,18,13,21,Modéré,95542
613,Élevée,40,12,15,Modéré,94155
306,Faible,43,10,3,Modéré,72636
344,Élevée,16,15,5,Élevé,133150
543,Moyenne,44,7,3,Modéré,179507
567,Moyenne,16,9,19,Élevé,86535
154,Moyenne,41,8,7,Faible,100151
789,Élevée,23,16,7,Élevé,136442
354,Faible,16,16,6,Faible,195144
358,Moyenne,39,11,8,Faible,77231
698,Faible,21,12,21,Élevé,127355
408,Moyenne,33,4,13,Élevé,63640
412,Faible,14,11,23,Modéré,191051
30,Élevée,42,10,19,Modéré,153318
930,Élevée,13,15,16,Faible,56695
372,Faible,22,12,18,Faible,172792
822,Élevée,49,11,8,Élevé,197490
632,Faible,33,13,12,Faible,70771
948,Élevée,30,16,16,Modéré,130372
855,Élevée,35,4,4,Élevé,104244
503,Faible,42,16,14,Modéré,186628
8,Moyenne,35,4,5,Élevé,77390
618,Moyenne,23,3,16,Faible,72203
138,Moyenne,17,14,10,Faible,64897
695,Faible,6,9,4,Modéré,111970
897,Moyenne,32,5,6,Faible,90333
852,Élevée,15,17,21,Élevé,105606
377,Moyenne,8,9,17,Modéré,197647
933,Élevée,21,7,11,Modéré,67455
722,Moyenne,32,19,4,Faible,89154
149,Moyenne,11,15,13,Faible,93902
886,Faible,5,18,18,Élevé,179441
260,Élevée,12,10,18,Faible,50227
127,Élevée,30,19,12,Modéré,161011
811,Élevée,8,19,16,Élevé,143474
578,Moyenne,41,3,9,Modéré,77483
533,Moyenne,49,9,3,Modéré,143299
805,Faible,26,12,23,Modéré,115176
325,Faible,13,18,9,Faible,135627
977,Faible,43,7,17,Élevé,64345
113,Moyenne,47,9,9,Élevé,193277
944,Faible,38,13,4,Faible,179946
651,Élevée,41,18,17,Faible,100701
238,Faible,9,9,22,Faible,67572
361,Moyenne,32,9,3,Faible,53370
991,Faible,18,19,17,Modéré,98892
860,Élevée,18,10,10,Modéré,104064
556,Élevée,46,8,20,Faible,112428
64,Élevée,13,5,10,Modéré,164147
928,Moyenne,11,16,4,Modéré,183722
917,Élevée,35,17,8,Faible,102360
455,Faible,17,3,8,Modéré,73190
266,Faible,39,15,9,Faible,124141
445,Élevée,8,15,16,Élevé,86334
604,Moyenne,45,15,15,Élevé,101718
624,Élevée,21,8,12,Faible,132069
420,Faible,10,5,16,Modéré,120226
340,Faible,45,9,12,Faible,196371
845,Élevée,34,19,7,Élevé,122215
275,Moyenne,27,5,8,Élevé,134282
370,Faible,42,4,14,Faible,126854
843,Moyenne,28,16,8,Faible,102544
227,Élevée,41,17,11,Faible,197684
226,Faible,48,5,11,Modéré,198504
940,Faible,39,14,23,Faible,102265
644,Faible,11,16,5,Faible,138200
909,Faible,11,5,17,Modéré,169428
229,Faible,29,16,4,Modéré,72948
827,Faible,17,4,16,Élevé,196239
898,Élevée,22,8,4,Élevé,162985
370,Faible,36,18,10,Faible,137676
129,Faible,42,9,15,Élevé,164209
808,Élevée,5,9,12,Élevé,60159
25,Faible,15,19,17,Modéré,195840
699,Faible,49,7,15,Modéré,164988
293,Élevée,9,8,19,Modéré,195379
356,Faible,36,10,6,Élevé,177715
838,Faible,15,6,5,Modéré,119807
135,Élevée,34,5,4,Élevé,165588
4,Faible,38,18,20,Modéré,124778
227,Élevée,46,3,14,Élevé,162473
890,Faible,18,8,19,Modéré,140235
681,Faible,24,4,12,Élevé,76441
445,Élevée,46,6,19,Élevé,61676
418,Moyenne,17,3,6,Modéré,103337
285,Élevée,49,10,12,Modéré,67825
837,Moyenne,48,12,18,Modéré,172461
27,Moyenne,21,6,23,Faible,137773
737,Faible,42,15,4,Faible,139556
249,Élevée,19,8,23,Modéré,89221
366,Moyenne,41,12,7,Modéré,79008
948,Moyenne,9,4,15,Faible,160785
202,Moyenne,5,14,15,Modéré,198801
438,Moyenne,42,8,5,Modéré,128478
198,Élevée,16,13,17,Faible,52078
930,Faible,49,7,22,Élevé,55783
648,Faible,10,10,21,Faible,75597
638,Moyenne,45,9,5,Modéré,89302
607,Faible,21,16,6,Modéré,183539
73,Moyenne,21,14,3,Élevé,75488
247,Faible,15,9,19,Modéré,64118
853,Faible,10,14,17,Modéré,180311
136,Élevée,28,11,23,Faible,165726
708,Moyenne,8,6,6,Faible,157045
214,Élevée,43,5,3,Modéré,92948
476,Faible,23,10,14,Modéré,95343
621,Moyenne,35,5,19,Modéré,87283
324,Moyenne,21,17,11,Modéré,50327
103,Moyenne,36,8,12,Élevé,78759
853,Moyenne,47,19,5,Faible,135571
328,Moyenne,26,11,17,Faible,59067
596,Moyenne,38,17,23,Modéré,71352
224,Faible,15,9,13,Modéré,164587
257,Moyenne,49,16,7,Modéré,70452
646,Faible,36,6,12,Faible,73761
348,Élevée,24,15,16,Modéré,140835
108,Faible,7,9,14,Modéré,106918
927,Élevée,24,18,11,Élevé,128339
970,Moyenne,36,7,8,Faible,135356
980,Faible,24,3,11,Élevé,132432
520,Faible,44,14,5,Modéré,192112
150,Faible,44,9,15,Élevé,80597
998,Élevée,38,9,9,Élevé,134165
477,Moyenne,49,9,19,Faible,146399
393,Faible,49,19,20,Élevé,143930
684,Élevée,35,3,22,Modéré,141072
559,Faible,44,6,6,Modéré,138608
1,Faible,17,8,7,Modéré,117374
361,Faible,21,18,13,Modéré,192658
692,Faible,21,10,20,Faible,144520
551,Élevée,11,19,21,Modéré,68463
90,Moyenne,9,14,7,Faible,199072
75,Moyenne,25,11,18,Faible,99350
500,Faible,35,3,20,Faible,178522
739,Élevée,17,4,16,Modéré,141926
636,Moyenne,38,17,22,Faible,154630
344,Moyenne,31,19,19,Élevé,168964
97,Faible,23,5,11,Élevé,125370
852,Faible,11,11,16,Modéré,57984
283,Élevée,7,14,14,Élevé,127030
719,Moyenne,31,9,5,Élevé,65210
33,Faible,30,13,20,Élevé,66854
116,Élevée,18,5,9,Élevé,67125
455,Élevée,32,9,5,Faible,54560
866,Élevée,42,6,14,Élevé,60081
429,Moyenne,26,6,17,Modéré,75086
828,Moyenne,48,10,11,Modéré,106930
826,Moyenne,10,7,20,Élevé,73392
691,Élevée,30,7,10,Élevé,108865
174,Élevée,17,12,12,Élevé,138405
746,Faible,11,7,14,Élevé,89487
133,Faible,14,4,23,Élevé,122529
442,Moyenne,15,13,7,Faible,168720
94,Moyenne,13,19,13,Modéré,95558
348,Faible,31,3,5,Modéré,64383
402,Moyenne,21,16,23,Faible,143089
420,Faible,36,19,10,Faible,77895
707,Faible,35,8,22,Faible,86949
405,Faible,42,5,23,Modéré,126901
942,Élevée,43,3,10,Modéré,141744
186,Moyenne,11,12,3,Élevé,94496
976,Élevée,11,10,7,Faible,66133
376,Moyenne,6,19,23,Modéré,67323
677,Élevée,6,17,13,Modéré,98022
874,Moyenne,26,8,11,Élevé,182681
703,Moyenne,5,15,15,Élevé,180261
517,Faible,27,18,9,Modéré,106107
498,Élevée,41,13,5,Faible,173797
499,Élevée,31,5,14,Élevé,188168
206,Moyenne,25,19,15,Modéré,167874
415,Élevée,25,14,18,Élevé,84264
366,Moyenne,44,6,11,Faible,104469
856,Moyenne,39,12,11,Modéré,147598
739,Faible,35,12,16,Faible,198166
420,Moyenne,32,13,3,Élevé,161287
586,Élevée,41,12,3,Faible,183716
219,Faible,14,7,18,Faible,168518
952,Moyenne,13,17,20,Élevé,95824
539,Faible,25,18,15,Faible,84323
375,Faible,28,4,19,Modéré,82286
23,Moyenne,44,3,14,Élevé,59719
461,Élevée,48,18,18,Faible,138035
720,Moyenne,47,18,22,Faible,147484
355,Moyenne,18,16,3,Élevé,153760
603,Moyenne,14,12,17,Faible,162911
52,Moyenne,32,13,7,Modéré,137030
999,Moyenne,31,13,21,Élevé,172959
815,Élevée,42,10,20,Modéré,150351
721,Faible,39,5,11,Modéré,72440
574,Élevée,11,10,7,Modéré,113771
445,Moyenne,46,19,13,Élevé,192600
816,Faible,42,15,4,Élevé,68161
105,Faible,11,15,4,Modéré,127460
641,Faible,26,13,17,Élevé,193596
395,Élevée,8,4,21,Modéré,86559
972,Élevée,16,11,6,Modéré,81923
910,Élevée,47,3,19,Faible,137897
328,Moyenne,16,14,23,Modéré,60724
607,Élevée,34,14,8,Élevé,177544
519,Élevée,19,13,6,Modéré,135758
686,Élevée,24,18,18,Modéré,168409
246,Faible,31,4,16,Faible,126654
415,Faible,48,14,11,Modéré,183983
528,Moyenne,21,10,10,Modéré,72985
170,Faible,40,12,14,Faible,106423
167,Moyenne,22,7,11,Faible,91840
310,Faible,21,14,11,Élevé,111877
940,Moyenne,15,17,21,Modéré,188249
595,Moyenne,14,4,8,Modéré,174969
392,Faible,40,17,22,Faible,103283
221,Faible,30,3,9,Élevé,78195
834,Élevée,31,18,22,Modéré,161921
682,Élevée,20,4,8,Modéré,85579
835,Moyenne,32,3,14,Faible,92316
115,Moyenne,9,8,18,Faible,111035
861,Moyenne,43,8,15,Faible,115002
335,Faible,26,12,7,Modéré,154361
742,Faible,44,18,6,Modéré,113541
220,Élevée,28,12,21,Élevé,113491
247,Faible,49,10,20,Faible,143723
101,Moyenne,43,12,15,Faible,168105
416,Élevée,48,11,15,Faible,182777
222,Faible,48,4,3,Modéré,173858
179,Moyenne,27,16,3,Élevé,132890
509,Faible,33,11,9,Élevé,82852
175,Faible,48,16,6,Faible,176988
606,Faible,11,3,12,Modéré,129185
627,Moyenne,18,19,11,Faible,118189
674,Moyenne,18,10,22,Faible,109721
781,Faible,22,17,6,Élevé,58133
737,Moyenne,45,11,13,Élevé,58386
746,Faible,35,10,23,Modéré,176648
849,Élevée,9,16,15,Faible,139187
67,Moyenne,23,11,11,Faible,132151
457,Faible,7,4,9,Modéré,62927
126,Faible,32,12,10,Faible,69749
139,Faible,13,19,21,Modéré,91227
625,Élevée,48,14,18,Modéré,89543
731,Moyenne,20,10,7,Modéré,135794
156,Faible,28,10,14,Élevé,133609
697,Faible,35,9,14,Faible,69026
121,Faible,18,8,15,Élevé,148221
322,Moyenne,33,14,3,Élevé,160512
449,Élevée,19,7,8,Modéré,123460
710,Élevée,38,3,9,Modéré,112743
857,Faible,9,12,16,Faible,187142
291,Faible,15,11,8,Modéré,58083
976,Moyenne,23,19,21,Faible,110794
4,Faible,41,6,15,Faible,110508
701,Élevée,13,6,17,Faible,105601
239,Moyenne,14,10,6,Faible,128181
678,Moyenne,18,8,12,Faible,163835
172,Faible,17,6,22,Modéré,55151
724,Élevée,34,11,8,Élevé,186257
857,Moyenne,19,6,4,Faible,191562
583,Moyenne,45,4,4,Élevé,171752
661,Faible,18,6,3,Faible,97138
903,Élevée,14,14,23,Élevé,60621
797,Élevée,17,6,18,Élevé,189467
628,Moyenne,42,17,13,Faible,79915
903,Élevée,34,15,15,Modéré,175169
835,Faible,16,3,16,Modéré,123384
605,Faible,49,10,6,Modéré,143440
989,Moyenne,46,3,22,Modéré,196115
615,Moyenne,29,18,23,Élevé,104573
870,Élevée,13,10,13,Faible,79684
380,Faible,20,4,22,Faible,183609
710,Élevée,37,5,12,Modéré,58278
110,Élevée,49,16,8,Faible,54924
330,Moyenne,21,6,16,Faible,175496
101,Faible,49,4,11,Faible,61181
695,Faible,16,9,20,Élevé,93328
846,Élevée,20,5,16,Faible,69748
918,Faible,30,11,6,Faible,148400
508,Faible,26,9,3,Modéré,120372
672,Élevée,27,12,17,Élevé,151906
594,Moyenne,22,8,23,Élevé,162547
36,Moyenne,33,19,17,Faible,98827
238,Moyenne,32,19,9,Faible,121677
244,Élevée,49,7,18,Élevé,144735
251,Faible,13,17,8,Faible,54886
393,Élevée,32,9,3,Faible,66194
767,Élevée,33,3,10,Modéré,80743
282,Moyenne,44,17,10,Élevé,181233
22,Faible,48,12,20,Modéré,69829
430,Moyenne,44,7,3,Modéré,158916
230,Faible,40,18,18,Modéré,177432
983,Faible,35,18,14,Élevé,180479
401,Moyenne,46,5,14,Faible,98443
154,Moyenne,14,7,21,Modéré,135357
120,Élevée,48,10,14,Faible,195871
678,Faible,22,14,9,Modéré,187294
896,Faible,21,12,10,Faible,126579
386,Faible,5,18,23,Modéré,69723
390,Faible,31,13,6,Faible,183788
711,Faible,12,7,22,Faible,91187
397,Élevée,23,3,8,Modéré,82554
347,Faible,16,9,20,Faible,127009
587,Élevée,17,7,3,Modéré,162974
951,Moyenne,18,14,14,Modéré,67522
79,Élevée,13,3,4,Élevé,159475
831,Élevée,45,19,21,Modéré,86030
585,Élevée,23,5,17,Faible,84213
200,Moyenne,22,13,23,Faible,118151
814,Faible,47,10,21,Élevé,171119
134,Élevée,49,9,12,Élevé,57571
560,Moyenne,39,10,9,Modéré,54709
700,Élevée,16,3,7,Faible,114535
171,Élevée,28,12,14,Élevé,128062
452,Moyenne,11,14,20,Faible,51975
139,Élevée,19,15,3,Élevé,119150
755,Élevée,48,7,14,Faible,117675
314,Faible,6,12,21,Faible,187446
476,Moyenne,19,18,11,Élevé,52435
346,Élevée,42,8,22,Faible,161446
388,Moyenne,11,12,5,Modéré,73937
126,Moyenne,49,19,21,Modéré,88414
719,Faible,14,9,9,Faible,135739
851,Faible,8,7,17,Modéré,139097
198,Faible,14,7,14,Faible,121971
699,Élevée,39,14,4,Modéré,56990
901,Élevée,35,10,23,Élevé,113162
18,Élevée,6,14,16,Faible,54364
710,Élevée,43,16,16,Faible,128644
448,Élevée,19,14,4,Modéré,58014
351,Élevée,21,13,13,Élevé,68419
665,Moyenne,35,3,22,Faible,112838
644,Moyenne,18,4,16,Élevé,79563
326,Faible,27,15,22,Faible,58262
425,Élevée,40,18,17,Modéré,113727
165,Moyenne,28,5,3,Modéré,106525
571,Faible,42,13,14,Élevé,152614
178,Faible,34,13,10,Modéré,146000
440,Faible,47,15,6,Élevé,141193
665,Faible,31,13,17,Modéré,112102
674,Moyenne,23,13,3,Élevé,120894
915,Moyenne,27,11,11,Modéré,181854
866,Moyenne,11,17,6,Élevé,75444
463,Faible,15,10,14,Modéré,70547
754,Faible,48,18,23,Élevé,66388
136,Élevée,6,16,4,Faible,111748
950,Élevée,14,12,9,Élevé,190223
748,Faible,31,11,17,Modéré,96814
47,Moyenne,20,15,7,Modéré,95445
497,Faible,22,19,13,Faible,168844
640,Élevée,24,19,6,Modéré,71645
930,Élevée,24,14,18,Faible,190677
338,Moyenne,6,3,9,Élevé,62089
158,Faible,32,15,14,Modéré,80083
525,Élevée,41,5,23,Faible,133682
631,Moyenne,40,15,5,Faible,56522
815,Élevée,14,16,6,Modéré,63629
887,Moyenne,46,10,20,Faible,129489
289,Élevée,18,6,13,Faible,101764
803,Élevée,11,11,3,Élevé,79108
116,Faible,29,13,9,Élevé,179658
600,Moyenne,15,12,4,Élevé,136896
637,Moyenne,48,5,17,Faible,68578
410,Élevée,42,17,23,Modéré,123109
175,Faible,10,14,6,Élevé,123366
499,Élevée,45,11,20,Modéré,59540
876,Élevée,20,7,10,Élevé,73939
565,Élevée,19,18,17,Faible,170560
623,Moyenne,26,10,14,Élevé,70617
577,Faible,5,9,16,Modéré,157657
333,Élevée,40,14,3,Faible,146930
887,Élevée,38,9,3,Modéré,148022
586,Élevée,19,3,21,Faible,185006
147,Moyenne,11,8,20,Modéré,130304
773,Élevée,29,12,12,Élevé,188111
776,Moyenne,8,14,8,Faible,58216
644,Moyenne,9,14,15,Modéré,112583
49,Moyenne,42,6,20,Faible,66390
77,Moyenne,45,3,6,Modéré,168436
294,Moyenne,36,8,6,Modéré,81744
117,Faible,32,18,5,Faible,142730
494,Moyenne,46,4,23,Élevé,158841
561,Moyenne,8,4,8,Faible,118302
110,Élevée,39,11,23,Élevé,126342
979,Faible,46,14,9,Modéré,86315
180,Faible,18,10,11,Faible,78186
562,Élevée,22,14,3,Faible,123735
72,Moyenne,47,8,15,Élevé,62498
859,Faible,45,18,9,Élevé,113736
434,Moyenne,15,16,10,Faible,126687
286,Élevée,43,11,12,Faible,114742
516,Faible,47,7,9,Modéré,77856
75,Moyenne,8,19,8,Faible,193922
597,Faible,32,13,7,Faible,120069
491,Faible,20,19,10,Faible,120209
322,Moyenne,39,5,22,Modéré,155387
888,Moyenne,41,16,18,Élevé,144713
533,Faible,47,14,6,Faible,120923
209,Élevée,44,16,10,Faible,115398
43,Faible,49,18,23,Modéré,187635
499,Élevée,25,4,11,Faible,152248
29,Faible,30,11,21,Élevé,87320
411,Moyenne,16,6,17,Modéré,110453
856,Élevée,49,15,10,Modéré,124016
181,Élevée,22,15,5,Faible,174521
305,Faible,10,13,5,Faible,132436
963,Faible,24,12,19,Élevé,164414
615,Élevée,12,17,16,Modéré,66593
778,Moyenne,9,16,16,Modéré,105772
259,Élevée,36,8,4,Modéré,152843
373,Élevée,34,16,16,Modéré,85679
877,Moyenne,47,11,13,Modéré,54260
746,Moyenne,32,10,16,Élevé,80803
858,Faible,37,12,9,Élevé,190569
381,Faible,48,17,21,Élevé,125805
886,Faible,46,19,10,Modéré,113743
613,Moyenne,23,10,16,Élevé,160855
91,Élevée,34,6,23,Modéré,108970
69,Moyenne,18,13,6,Élevé,126166
618,Faible,49,8,13,Faible,161775
523,Élevée,14,4,6,Faible,62731
13,Faible,13,5,8,Modéré,126781
617,Élevée,30,6,8,Élevé,118868
226,Moyenne,38,4,4,Faible,124497
422,Faible,22,14,21,Modéré,98115
168,Moyenne,21,4,3,Faible,132568
929,Moyenne,12,5,15,Faible,120945
379,Moyenne,35,10,16,Modéré,185329
290,Élevée,21,11,5,Faible,139463
923,Moyenne,27,12,21,Faible,127853
100,Moyenne,42,18,19,Modéré,92909
218,Élevée,14,4,6,Modéré,80527
307,Moyenne,17,12,15,Modéré,144555
345,Moyenne,29,9,11,Faible,122436
211,Moyenne,27,15,6,Élevé,123836
789,Élevée,19,18,12,Modéré,139442
735,Élevée,38,16,15,Élevé,171008
669,Faible,9,4,20,Élevé,163305
585,Moyenne,10,17,14,Faible,62791
275,Élevée,17,11,18,Modéré,76838
410,Moyenne,46,7,3,Faible,197937
921,Élevée,17,17,16,Modéré,110555
552,Élevée,5,16,23,Modéré,72502
235,Élevée,10,17,9,Élevé,68406
636,Faible,27,3,7,Faible,70764
285,Moyenne,46,8,4,Élevé,128188
665,Élevée,38,12,6,Faible,67672
659,Moyenne,6,4,12,Élevé,146798
708,Élevée,15,11,17,Modéré,168460
173,Moyenne,11,11,21,Modéré,197379
724,Moyenne,21,10,17,Modéré,103423
302,Élevée,12,13,21,Faible,119427
823,Moyenne,32,14,12,Modéré,146770
1,Faible,43,4,22,Faible,130084
139,Faible,48,4,5,Élevé,128680
708,Moyenne,25,9,13,Élevé,69948
903,Moyenne,46,9,20,Élevé,71389
732,Élevée,23,8,4,Modéré,177678
868,Élevée,47,7,20,Faible,122486
442,Moyenne,11,5,17,Modéré,178080
967,Moyenne,43,11,18,Modéré,76276
916,Moyenne,39,11,21,Modéré,109663
163,Moyenne,15,19,21,Faible,161462
51,Faible,44,10,14,Faible,197722
243,Moyenne,45,11,8,Modéré,182598
871,Élevée,45,12,14,Modéré,197450
21,Faible,32,9,9,Faible,156165
684,Moyenne,35,17,12,Modéré,96970
